<?xml version="1.0" encoding="UTF-8"?><artifacts>
    <artifact name="QueryDoctorEP" groupId="com.example.endpoint" version="1.0.0" type="synapse/endpoint" serverRole="EnterpriseServiceBus">
        <file>src/main/synapse-config/endpoints/QueryDoctorEP.xml</file>
    </artifact>
    <artifact name="HealthcareAPI" groupId="com.example.api" version="1.0.0" type="synapse/api" serverRole="EnterpriseServiceBus">
        <file>src/main/synapse-config/api/HealthcareAPI.xml</file>
    </artifact>
    <artifact name="HealthcareAPI_swagger" groupId="com.example.metadata" version="1.0.0" type="synapse/metadata" serverRole="EnterpriseServiceBus">
        <file>src/main/resources/metadata/HealthcareAPI_swagger.yaml</file>
    </artifact>
    <artifact name="HealthcareAPI_metadata" groupId="com.example.metadata" version="1.0.0" type="synapse/metadata" serverRole="EnterpriseServiceBus">
        <file>src/main/resources/metadata/HealthcareAPI_metadata.yaml</file>
    </artifact>
    <artifact name="QueryDoctorInboundEndpoint" groupId="com.example.inbound-endpoint" version="1.0.0" type="synapse/inbound-endpoint" serverRole="EnterpriseServiceBus">
        <file>src/main/synapse-config/inbound-endpoints/QueryDoctorInboundEndpoint.xml</file>
    </artifact>
    <artifact name="GrandOakEP" groupId="com.example.endpoint" version="1.0.0" type="synapse/endpoint" serverRole="EnterpriseServiceBus">
        <file>src/main/synapse-config/endpoints/GrandOakEP.xml</file>
    </artifact>
    <artifact name="ClemencyEP" groupId="com.example.endpoint" version="1.0.0" type="synapse/endpoint" serverRole="EnterpriseServiceBus">
        <file>src/main/synapse-config/endpoints/ClemencyEP.xml</file>
    </artifact>
    <artifact name="PineValleyEP" groupId="com.example.endpoint" version="1.0.0" type="synapse/endpoint" serverRole="EnterpriseServiceBus">
        <file>src/main/synapse-config/endpoints/PineValleyEP.xml</file>
    </artifact>
    <artifact name="CategoriesHospital" groupId="com.example.inbound-endpoint" version="1.0.0-SNAPSHOT" type="synapse/inbound-endpoint" serverRole="EnterpriseServiceBus">
        <file>src/main/synapse-config/inbound-endpoints/CategoriesHospital.xml</file>
    </artifact>
    <artifact name="PaymentRequestMessageStore" groupId="com.example.message-store" version="1.0.0-SNAPSHOT" type="synapse/message-store" serverRole="EnterpriseServiceBus">
        <file>src/main/synapse-config/message-stores/PaymentRequestMessageStore.xml</file>
    </artifact>
    <artifact name="ChannelingFeeEP" groupId="com.example.endpoint" version="1.0.0-SNAPSHOT" type="synapse/endpoint" serverRole="EnterpriseServiceBus">
        <file>src/main/synapse-config/endpoints/ChannelingFeeEP.xml</file>
    </artifact>
    <artifact name="SettlePaymentEP" groupId="com.example.endpoint" version="1.0.0-SNAPSHOT" type="synapse/endpoint" serverRole="EnterpriseServiceBus">
        <file>src/main/synapse-config/endpoints/SettlePaymentEP.xml</file>
    </artifact>
    <artifact name="PaymentRequestProcesor" groupId="com.example.message-processors" version="1.0.0-SNAPSHOT" type="synapse/message-processors" serverRole="EnterpriseServiceBus">
        <file>src/main/synapse-config/message-processors/PaymentRequestProcesor.xml</file>
    </artifact>
    <artifact name="HospitalRoutingSeq" groupId="com.example.template" version="1.0.0-SNAPSHOT" type="synapse/sequenceTemplate" serverRole="EnterpriseServiceBus">
        <file>src/main/synapse-config/templates/HospitalRoutingSeq.xml</file>
    </artifact>
    <artifact name="gmail-connector" groupId="com.example.lib" version="3.0.8" type="synapse/lib" serverRole="EnterpriseServiceBus">
        <file>gmail-connector-3.0.8.zip</file>
    </artifact>
    <artifact name="PaymentRequestProcessingSequence" groupId="com.example.sequence" version="1.0.0-SNAPSHOT" type="synapse/sequence" serverRole="EnterpriseServiceBus">
        <file>src/main/synapse-config/sequences/PaymentRequestProcessingSequence.xml</file>
    </artifact>
    <artifact name="gmail-connector" groupId="com.example.lib" version="3.0.8" type="synapse/lib" serverRole="EnterpriseServiceBus">
        <file>gmail-connector-3.0.8.zip</file>
    </artifact>
</artifacts>
