<?xml version="1.0" encoding="UTF-8"?>
<api context="/healthcare" name="HealthcareAPI" xmlns="http://ws.apache.org/ns/synapse">
    <resource methods="GET" uri-template="/querydoctor/{category}">
        <inSequence>
            <log description="request Log">
                <property name="message" value="Welcome to HealthcareService"/>
            </log>
            <send>
                <endpoint key="QueryDoctorEP"/>
            </send>
        </inSequence>
        <outSequence>
            <send/>
        </outSequence>
        <faultSequence/>
    </resource>
    <resource methods="POST" uri-template="/categories/{category}/reserve">
        <inSequence>
            <property expression="json-eval($.hospital)" name="Hospital" scope="default" type="STRING"/>
            <property description="Get_Card_Number" expression="json-eval($.cardNo)" name="card_number" scope="default" type="STRING"/>
            <datamapper config="gov:datamapper/RequestMapping.dmc" inputSchema="gov:datamapper/RequestMapping_inputSchema.json" inputType="JSON" outputSchema="gov:datamapper/RequestMapping_outputSchema.json" outputType="JSON" xsltStyleSheet="gov:datamapper/RequestMapping_xsltStyleSheet.xml"/>
            <switch source="get-property('Hospital')">
                <case regex="grand oak community hospital">
                    <log description="Grand Oak Log" level="custom">
                        <property expression="fn:concat('Routing to ', get-property('Hospital'))" name="message"/>
                    </log>
                    <property description="Set_Hospital_Variable" name="uri.var.hospital" scope="default" type="STRING" value="grandoaks"/>
                    <!-- <call-template target="HospitalRoutingSeq">
                        <with-param name="sethospital" value="grandoaks"/>
                    </call-template> -->
                    <call>
                        <endpoint key="GrandOakEP"/>
                    </call>
                </case>
                <case regex="clemency medical center">
                    <log description="ClemencyEP Log">
                        <property expression="fn:concat('Routing to ', get-property('Hospital'))" name="message"/>
                    </log>
                    <property description="Set_Clemency_Variable" name="uri.var.hospital" scope="default" type="STRING" value="clemency"/>
                    <!-- <call-template target="HospitalRoutingSeq">
                        <with-param name="sethospital" value="clemency"/>
                    </call-template> -->
                    <call>
                        <endpoint key="ClemencyEP"/>
                    </call>
                </case>
                <case regex="pine valley community hospital">
                    <log description="PineValleyEP Log">
                        <property expression="fn:concat('Routing to ', get-property('Hospital'))" name="message"/>
                    </log>
                    <property description="Set_Pinevalley_Variable" name="uri.var.hospital" scope="default" type="STRING" value="pinevalley"/>
                    <!-- <call-template target="HospitalRoutingSeq">
                        <with-param name="sethospital" value="pinevalley"/>
                    </call-template> -->
                    <call>
                        <endpoint key="PineValleyEP"/>
                    </call>
                </case>
                <default>
                    <log description="Fault Log">
                        <property expression="fn:concat('Invalid hospital -  ', get-property('Hospital'))" name="message"/>
                    </log>
                    <respond/>
                </default>
            </switch>
            <propertyGroup description="Get_Details">
                <property expression="json-eval($.appointmentNumber)" name="uri.var.appointment_id" scope="default" type="STRING"/>
                <property expression="json-eval($.doctor)" name="doctor_details" scope="default" type="STRING"/>
                <property expression="json-eval($.patient)" name="patient_details" scope="default" type="STRING"/>
            </propertyGroup>
            <!--<property description="Get_Appointment_Number" expression="json-eval($.appointmentNumber)" name="uri.var.appointment_id" scope="default" type="STRING"/>
            <property description="Get_Doctor_Details" expression="json-eval($.doctor)" name="doctor_details" scope="default" type="STRING"/>
            <property description="Get_Patient_Details" expression="json-eval($.patient)" name="patient_details" scope="default" type="STRING"/> -->
            <call>
                <endpoint key="ChannelingFeeEP"/>
            </call>
            <property description="Get_Actual_Fee" expression="json-eval($.actualFee)" name="actual_fee" scope="default" type="STRING"/>
            <payloadFactory media-type="json">
                <format>{
"appointmentNumber":$1,
"doctor":$2,
"patient":$3,
"fee":$4,
"confirmed":"false",
"card_number":"$5"
}</format>
                <args>
                    <arg evaluator="xml" expression="$ctx:uri.var.appointment_id"/>
                    <arg evaluator="xml" expression="$ctx:doctor_details"/>
                    <arg evaluator="xml" expression="$ctx:patient_details"/>
                    <arg evaluator="xml" expression="$ctx:actual_fee"/>
                    <arg evaluator="xml" expression="$ctx:card_number"/>
                </args>
            </payloadFactory>
            <store description="Payment_Store" messageStore="PaymentRequestMessageStore"/>
            <!--<call>
                <endpoint key="SettlePaymentEP"/>
            </call> -->
            <payloadFactory media-type="json">
                <format>{"message":" Payment request successfully submitted. Payment confirmation will be sent via email ."}</format>
                <args/>
            </payloadFactory>
            <log>
                <property expression="$env" name="====>Final"/>
            </log>
            <respond/>
        </inSequence>
        <outSequence>
            <!--<sequence key="PaymentRequestProcessingSequence"/> -->
        </outSequence>
        <faultSequence/>
    </resource>
</api>
