<?xml version="1.0" encoding="UTF-8"?>
<endpoint name="ChannelingFeeEP" xmlns="http://ws.apache.org/ns/synapse">
    <http method="get" statistics="enable" trace="enable" uri-template="http://localhost:9090/{uri.var.hospital}/categories/appointments/{uri.var.appointment_id}/fee">
        <suspendOnFailure>
            <initialDuration>-1</initialDuration>
            <progressionFactor>1.0</progressionFactor>
        </suspendOnFailure>
        <markForSuspension>
            <retriesBeforeSuspension>0</retriesBeforeSuspension>
        </markForSuspension>
    </http>
</endpoint>
